channel,title,url
Rowan Atkinson Live,The Devil 'Toby' welcomes you to Hell,https://youtu.be/Ut116mBuPpg
Rowan Atkinson Live,Amazing Jesus,https://youtu.be/XbY8MH1TpEw
Rowan Atkinson Live,Headmaster kills student,https://youtu.be/ppVpdsClN80
Rowan Atkinson Live,A day in the life of the invisible man,https://youtu.be/MhF1qxEC2Ac
Rowan Atkinson Live,How to Date #Part1,https://youtu.be/pI6wiiPnVQY
Rowan Atkinson Live,How to Date #Part2,https://youtu.be/j_Nc2nCLBPY
Rowan Atkinson Live,How to Date #Part3,https://youtu.be/RBFWP06mjwo
Rowan Atkinson Live,Drunks in an Indian Restaurant,https://youtu.be/2a-CVGbUUjQ
Rowan Atkinson Live,Attending Church #Part1,https://youtu.be/6HJubWBEHWc
Rowan Atkinson Live,Attending Church #Part2,https://youtu.be/J-qp-m4LleM
Rowan Atkinson Live,Award Ceremony Bad Loser,https://youtu.be/mq78D-3HwEM
Rowan Atkinson Live,Wedding From Hell #Part1 #ThePriest,https://youtu.be/wPPUv0d-T_k
Rowan Atkinson Live,Wedding From Hell #Part2 #BestMan,https://youtu.be/GUeiBy9YFzk
Rowan Atkinson Live,Wedding From Hell #Part3 #FatherInLaw,https://youtu.be/t4sfVix_2-8
Rowan Atkinson Live,The Actors Art #Part1 #TheCharacters,https://youtu.be/TmQKihNpsHk
Rowan Atkinson Live,The Actors Art #Part2 #ThePlot,https://youtu.be/Hb6MpS54RVE
Rowan Atkinson Live,"Tom, Dick and Harry",https://youtu.be/pHj77P1wSeM
Rowan Atkinson Live,Dirty Names,https://youtu.be/R7OxTxAvvLw
Olympic,Mr. Bean Live Performance at the London 2012 Olympic Games,https://youtu.be/CwzjlmBLfrQ
kouichitv,何言ってるかわからないけど何してるか分かる動画,https://youtu.be/UlvDgWhtyNA
kouichitv,本発売までの密着ドキュメンタリー,https://youtu.be/RnT4mrbtPek
kouichitv,●生配信,https://youtu.be/xLmPFJJY0qI
kouichitv,俺はゲームの世界にいるのかもしれない,https://youtu.be/WP_mK5D8vDI
kouichitv,実写化,https://youtu.be/872x8E4ZJck
kouichitv,獣3人が作るチョコレートケーキ,https://youtu.be/nntnA9gGSPs
kouichitv,カスタマーセンター,https://youtu.be/1yuM6ZHtyog
kouichitv,行けない3人,https://youtu.be/kg4tn5GXMnw
kouichitv,置き去り,https://youtu.be/UwZS9sTA_54
kouichitv,俺が一体何をした,https://youtu.be/Q9Gr_HLzdCQ
kouichitv,もし有名アイドルからメールが来たら,https://youtu.be/gmnt-cMaPW4
kouichitv,マネースチーリスト,https://youtu.be/Ic9K32lbJks
kouichitv,佐藤容疑者について,https://youtu.be/41JrXBSggOU
kouichitv,アニメなので大丈夫です,https://youtu.be/UJhAZsPUgsM
kouichitv,特典映像,https://youtu.be/_RgLdyfhkRY
kouichitv,物撮り,https://youtu.be/rrk9TJ3NY2w
kouichitv,オーディオライブラリー,https://youtu.be/aBVooDttR-Y
kouichitv,リスナーのお便りをガン無視するラジオ8,https://youtu.be/IKR76_dlaXo
kouichitv,燃えてる！,https://youtu.be/iti9CEs03i4
kouichitv,事務所公式チャンネル,https://youtu.be/C4V3P002UOQ
kouichitv,大人とは,https://youtu.be/zhJt8i9XQc4
kouichitv,へぇ来るんだ,https://youtu.be/X5ZfKP3452o
kouichitv,静かな部屋,https://youtu.be/E2WJ0aiL4qM
kouichitv,疑い深過ぎるニュース番組,https://youtu.be/1swch5jhmQc
kouichitv,誘拐,https://youtu.be/ezRgOFqmrsM
kouichitv,円満,https://youtu.be/P1qKEl5_nz4
kouichitv,とある何気ない一日,https://youtu.be/hZ1k7ItbAvY
kouichitv,眩しすぎる新作,https://youtu.be/SjotNQ-5fFA
kouichitv,物知り博士の部屋紹介,https://youtu.be/gfDsu_Zkdkc
kouichitv,2020,https://youtu.be/tb6qai7d4ak
kouichitv,冷蔵庫に入れといたよ,https://youtu.be/xJy67__85KU
kouichitv,動物ドキュメンタリー,https://youtu.be/dPmXstBgWC8
kouichitv,充電器しかない,https://youtu.be/RMt5WG5yBc0
kouichitv,ICレコーダー,https://youtu.be/op4lv75x-xA
kouichitv,ループしてる人,https://youtu.be/65nIfEiZYHM
kouichitv,残された音声記録,https://youtu.be/RuFn8lQWCrQ
Trey Kennedy,Boomers vs Gen Z,https://youtu.be/LwATwTtEmN4
Trey Kennedy,Costco be like..,https://youtu.be/urUTXOP7Kig
Trey Kennedy,When you're obsessed with seltzers,https://youtu.be/gRsEVXo5NXY
Trey Kennedy,The end of every Bachelor season,https://youtu.be/GzRPKjBCcFw
Trey Kennedy,Americans vs Canadians (ft Julie Nolke),https://youtu.be/2d8YOw8LH5g
Trey Kennedy,If Moms had Hype Videos..,https://youtu.be/fj60CxIdr5E
Trey Kennedy,When you're from a small town,https://youtu.be/ZksSbyha91c
Trey Kennedy,If 2020 and 2021 had a conversation,https://youtu.be/7RU15AgKwno
Trey Kennedy,1920s vs 2020s,https://youtu.be/Cw1do7jHvV4
Trey Kennedy,People who shop at Walmart vs Target (Part 2!),https://youtu.be/ItCbjIeIF50
Trey Kennedy,Middle schoolers' bedtime be like..,https://youtu.be/Jzd5P644Wdo
Trey Kennedy,If regular people had hype videos,https://youtu.be/nXpoxxP7gr8
Trey Kennedy,The 5 Phases of a Diet,https://youtu.be/ijHLalSh0ns
Trey Kennedy,Dudes who are WAY too into trends.. (ft FUSER),https://youtu.be/p_wHb3kOgss
Trey Kennedy,The 10 Types of Social Media Users,https://youtu.be/MUmGblHCB-M
Trey Kennedy,Every young "entrepreneur",https://youtu.be/yBK8XNgfp2c
Trey Kennedy,The 5 Phases of Mask Wearing,https://youtu.be/OHio7LwHHHY
Trey Kennedy,Every Season of The Bachelor,https://youtu.be/eOfIeilSTSQ
Trey Kennedy,Q&A with my Wife & Me,https://youtu.be/8zcsheJZGSs
Trey Kennedy,Bloopers of 2020,https://youtu.be/RUsamRIFP4I